split,v4,v5,customers,irr,irr_ci_low,irr_ci_high,net_value_per_send
training,1,1,4938,-0.0016522548225761787,-0.005842360677503583,0.0025378510323512257,-0.1665225482257618
training,1,2,10075,-0.0006344515048519773,-0.004079370002892782,0.002810466993188827,-0.15634451504851976
training,1,3,10435,0.0008266789753736221,-0.0023260988645051437,0.0039794568152523874,-0.14173321024626379
training,1,4,1636,-0.0009760793299880555,-0.010207438207321659,0.008255279547345548,-0.15976079329988055
training,2,1,10474,0.020389450498508994,0.01542130107993573,0.02535759991708226,0.053894504985089936
training,2,2,21121,0.0040160432987076874,0.001390345079067492,0.006641741518347883,-0.10983956701292312
training,2,3,22308,0.02065762195533896,0.01714190876100723,0.024173335149670693,0.05657621955338962
training,2,4,3547,0.013169390457537053,0.005324224853589115,0.02101455606148499,-0.018306095424629465
holdout,1,1,2482,0.0014240794158155972,-0.003540664587763807,0.0063888234193950014,-0.13575920584184403
holdout,1,2,4943,-0.002435986540142168,-0.007089789735475657,0.0022178166551913205,-0.17435986540142168
holdout,1,3,5082,0.0017045187871149907,-0.00237314694164011,0.0057821845158700915,-0.13295481212885008
holdout,1,4,788,-0.007334963325183374,-0.01560460654735019,0.0009346798969834405,-0.22334963325183374
holdout,2,1,5285,0.023978274294054906,0.0169746857981794,0.03098186278993041,0.08978274294054908
holdout,2,2,10458,0.004909903411400363,0.0010648190467186084,0.008754987776082118,-0.10090096588599637
holdout,2,3,10818,0.018766346904975736,0.013831746933701951,0.02370094687624952,0.03766346904975737
holdout,2,4,1794,0.013890461021005482,0.004615012653697206,0.023165909388313758,-0.011095389789945176
